"query_id","query","query_run","passage_id","passage","generated_answer"
"Q001","Ngành Kỹ thuật Máy tính có thể làm những công việc gì sau khi tốt nghiệp?","1","[1]","Sinh viên tốt nghiệp Chương trình đào tạo Cử nhân chính quy ngành Công nghệ Thông tin Việt – Nhật có khả năng làm việc ở những phạm vi và lĩnh vực khác nhau như:","Dựa trên các tài liệu được cung cấp, sinh viên tốt nghiệp ngành Cử nhân Công nghệ Thông tin có thể làm việc trong nhiều phạm vi và lĩnh vực khác nhau, cụ thể như:

| Công việc sau tốt nghiệp |
|---|
| Tham mưu, tư vấn |
| Tổ chức thực hiện nhiệm vụ với tư cách của một chuyên viên trong lĩnh vực CNTT |
| Nghiên cứu phát triển và ứng dụng công nghệ thông tin |

**Nguồn tài liệu:**

*   Cử Nhân Công Nghệ Thông Tin Nhật - 1.2
*   Cử nhân Công Nghệ Thông Tin - 1\. GIỚI THIỆU CHUNG - 1.1. Mục tiêu đào tạo
*   Cử nhân Công Nghệ Thông Tin Văn Bằng Đại Học Thứ 2 - 1.1. Mục tiêu đào tạo
*   Cử nhân Công Nghệ Thông Tin Liên Thông - 1.1. Mục tiêu đào tạo"
"Q001","Ngành Kỹ thuật Máy tính có thể làm những công việc gì sau khi tốt nghiệp?","1","[2]","Chương trình Cử nhân Công nghệ Thông tin đào tạo những cử nhân ngành Công nghệ thông tin có phẩm chất chính trị tốt, có đạo đức nghề nghiệp, có ý thức trách nhiệm tổ chức, và có sức khỏe tốt; nắm vững các kiến thức cơ bản và chuyên môn sâu về công nghệ thông tin (CNTT); đáp ứng các yêu cầu về nghiên cứu phát triển và ứng dụng công nghệ thông tin của xã hội; có năng lực tham mưu, tư vấn và có khả năng tổ chức thực hiện nhiệm vụ với tư cách của một chuyên viên trong lĩnh vực CNTT. Bên cạnh đó,",""
"Q001","Ngành Kỹ thuật Máy tính có thể làm những công việc gì sau khi tốt nghiệp?","1","[3]","Chương trình Cử nhân Công nghệ Thông tin đào tạo những cử nhân ngành Công nghệ thông tin nắm vững các kiến thức cơ bản và chuyên môn sâu về công nghệ thông tin (CNTT); đáp ứng các yêu cầu về nghiên cứu phát triển và ứng dụng công nghệ thông tin của xã hội; có năng lực tham mưu, tư vấn và có khả năng tổ chức thực hiện nhiệm vụ với tư cách của một chuyên viên trong lĩnh vực CNTT. CTĐT định hướng đến việc giúp người học thay đổi mục tiêu nghề nghiệp, có khả năng vận dụng các kiến thức CNTT ứng dụng",""
"Q001","Ngành Kỹ thuật Máy tính có thể làm những công việc gì sau khi tốt nghiệp?","1","[4]","Chương trình Cử nhân Công nghệ Thông tin đào tạo những cử nhân ngành Công nghệ thông tin nắm vững các kiến thức cơ bản và chuyên môn sâu về công nghệ thông tin (CNTT); đáp ứng các yêu cầu về nghiên cứu phát triển và ứng dụng công nghệ thông tin của xã hội; có năng lực tham mưu, tư vấn và có khả năng tổ chức thực hiện nhiệm vụ với tư cách của một chuyên viên trong lĩnh vực CNTT. CTĐT định hướng đến việc giúp người học thay đổi mục tiêu nghề nghiệp, có khả năng vận dụng các kiến thức CNTT ứng dụng",""
"Q001","Ngành Kỹ thuật Máy tính có thể làm những công việc gì sau khi tốt nghiệp?","1","[5]","Chương trình Cử nhân Công nghệ Thông tin đào tạo những cử nhân ngành Công nghệ thông tin nắm vững các kiến thức cơ bản và chuyên môn sâu về công nghệ thông tin (CNTT); đáp ứng các yêu cầu về nghiên cứu phát triển và ứng dụng công nghệ thông tin của xã hội; có năng lực tham mưu, tư vấn và có khả năng tổ chức thực hiện nhiệm vụ với tư cách của một chuyên viên trong lĩnh vực CNTT. CTĐT định hướng đến việc giúp người học hoàn thiện các kiến thức, kỹ năng đạt trình độ cử nhân từ cấp độ cao đẳng. Bên",""
"Q002","Chương trình Kỹ thuật Máy tính có bao nhiêu tín chỉ tổng cộng, phân bổ giữa các khối kiến thức chính như thế nào?","1","[1]","Khối lượng kiến thức toàn khóa gồm 130 tín chỉ được phân bổ như sau:
**Bảng2. Khối lượng kiến thức toàn khóa**
|                                                                             |                                                      |                                                                                         |                                |","Thông tin này không có trong ngữ cảnh được cung cấp."
"Q002","Chương trình Kỹ thuật Máy tính có bao nhiêu tín chỉ tổng cộng, phân bổ giữa các khối kiến thức chính như thế nào?","1","[2]","**Tổng cộng 44 tín chỉ,**gồm 2 phần sau:
\- **Phần 1: Bắt buộc** đối với tất cả sinh viên của ngành, nhằm cung cấp kiến thức nền tảng về lập trình, cơ sở dữ liệu, mạng máy tính, phần cứng máy tính. **Tổng cộng 25 tín chỉ**, gồm các môn học trong bảng sau:
|                     |                |                                      |        |        |        |
| ------------------- | -------------- | ------------------------------------ | ------ | ------ | ------ |",""
"Q002","Chương trình Kỹ thuật Máy tính có bao nhiêu tín chỉ tổng cộng, phân bổ giữa các khối kiến thức chính như thế nào?","1","[3]","**Tổng cộng 70 tín chỉ**.
#### 3.4.1. Nhóm các môn học cơ sở ngành
**Tổng cộng 44 tín chỉ,**gồm 2 phần sau **:**
\- **Phần 1: B** **ắt buộc** đối với tất cả sinh viên của ngành, nhằm cung cấp kiến thức nền tảng về lập trình, cơ sở dữ liệu, mạng máy tính, phần cứng máy tính. **Tổng cộng 25 tín chỉ** , gồm các môn học trong bảng sau:
|                     |            |                                      |        |        |        |",""
"Q002","Chương trình Kỹ thuật Máy tính có bao nhiêu tín chỉ tổng cộng, phân bổ giữa các khối kiến thức chính như thế nào?","1","[4]","![](/sites/daa/files/uploads/vb2_cntt_khung_ct_2024.png)",""
"Q002","Chương trình Kỹ thuật Máy tính có bao nhiêu tín chỉ tổng cộng, phân bổ giữa các khối kiến thức chính như thế nào?","1","[5]","![](/sites/daa/files/uploads/3.2_cntt_2024.png)",""
"Q003","Sinh viên mới vào học nên theo thứ tự học những môn nền tảng nào trong hai năm đầu để có nền tảng vững về lập trình, cấu trúc dữ liệu, hệ điều hành và kiến trúc máy tính?","1","[1]","Sinh viên tốt nghiệp chương trình đào tạo Cử nhân chính quy Văn bằng Đại học thứ 2 ngành Công nghệ thông tin phải đáp ứng các yêu cầu về chuẩn đầu ra (CĐR) sau:
− (LO1) Nắm vững kiến thức nền tảng về khoa học tự nhiên, khoa học xã hội và hiểu khả năng vận dụng những kiến thức đó vào ngành Công nghệ thông tin và thực tiễn (abet 3.1).
− (LO2) Nắm vững kiến thức nền tảng và một số kiến thức chuyên sâu của ngành Công nghệ thông tin để ứng dụng vào thực tiễn (abet 3.2, gac 2.b).","Dựa trên ngữ cảnh được cung cấp, thông tin cụ thể về thứ tự học các môn nền tảng trong hai năm đầu cho chương trình Cử nhân Công nghệ Thông tin không được liệt kê chi tiết. Tuy nhiên, các môn nền tảng quan trọng được đề cập bao gồm:

| Môn học                     |
| -------------------------- |
| Kiến trúc máy tính           |
| Hệ điều hành                 |
| Lập trình (không được liệt kê cụ thể) |
| Cấu trúc dữ liệu (không được liệt kê cụ thể) |

**Lưu ý:** Ngữ cảnh chỉ cung cấp thông tin về các môn học *nền tảng* mà không phân loại thứ tự học cụ thể."
"Q003","Sinh viên mới vào học nên theo thứ tự học những môn nền tảng nào trong hai năm đầu để có nền tảng vững về lập trình, cấu trúc dữ liệu, hệ điều hành và kiến trúc máy tính?","1","[2]","Sinh viên tốt nghiệp chương trình đào tạo Cử nhân chính quy Văn bằng Đại học thứ 2 ngành Công nghệ thông tin phải đáp ứng các yêu cầu về chuẩn đầu ra (CĐR) sau:
− (LO1) Nắm vững kiến thức nền tảng về khoa học tự nhiên, khoa học xã hội và hiểu khả năng vận dụng những kiến thức đó vào ngành Công nghệ thông tin và thực tiễn (abet 3.1).
− (LO2) Nắm vững kiến thức nền tảng và một số kiến thức chuyên sâu của ngành Công nghệ thông tin để ứng dụng vào thực tiễn (abet 3.2, gac 2.b).",""
"Q003","Sinh viên mới vào học nên theo thứ tự học những môn nền tảng nào trong hai năm đầu để có nền tảng vững về lập trình, cấu trúc dữ liệu, hệ điều hành và kiến trúc máy tính?","1","[3]","Sinh viên tốt nghiệp chương trình đào tạo Cử nhân chính quy ngành Công nghệ thông tin Việt – Nhật phải đáp ứng các yêu cầu về chuẩn đầu ra (CĐR) sau:
− (LO1) Nắm vững kiến thức nền tảng về khoa học tự nhiên, khoa học xã hội và hiểu khả năng vận dụng những kiến thức đó vào ngành Công nghệ thông tin và thực tiễn (abet 3.1).
− (LO2) Nắm vững kiến thức nền tảng và một số kiến thức chuyên sâu của ngành Công nghệ thông tin để ứng dụng vào thực tiễn (abet 3.2, gac 2.b).",""
"Q003","Sinh viên mới vào học nên theo thứ tự học những môn nền tảng nào trong hai năm đầu để có nền tảng vững về lập trình, cấu trúc dữ liệu, hệ điều hành và kiến trúc máy tính?","1","[4]","| **2**   | **(LO2)** **Kiến thức nền tảng và chuyên sâu ngành HTTT**                                                                                          |
| 2.1     | Kiến thức kiến trúc máy tính                                                                                                                       |
| 2.2     | Kiến thức hệ điều hành                                                                                                                             |",""
"Q003","Sinh viên mới vào học nên theo thứ tự học những môn nền tảng nào trong hai năm đầu để có nền tảng vững về lập trình, cấu trúc dữ liệu, hệ điều hành và kiến trúc máy tính?","1","[5]","| PO1          | Có kiến thức nền tảng vững vàng về khoa học máy tính và chuyên sâu về Trí tuệ nhân tạo.                                                                                                                                                                                          |",""
"Q004","Nếu em muốn theo hướng Hệ thống nhúng/IoT thì yêu cầu học những môn gì và kế hoạch ra sao?","1","[1]","Chương trình Cử nhân Công nghệ Thông tin đào tạo những cử nhân ngành Công nghệ thông tin nắm vững các kiến thức cơ bản và chuyên môn sâu về công nghệ thông tin (CNTT); đáp ứng các yêu cầu về nghiên cứu phát triển và ứng dụng công nghệ thông tin của xã hội; có năng lực tham mưu, tư vấn và có khả năng tổ chức thực hiện nhiệm vụ với tư cách của một chuyên viên trong lĩnh vực CNTT. CTĐT định hướng đến việc giúp người học hoàn thiện các kiến thức, kỹ năng đạt trình độ cử nhân từ cấp độ cao đẳng. Bên","Dựa trên ngữ cảnh được cung cấp, để theo hướng Hệ thống nhúng/IoT trong chương trình Cử nhân Công nghệ Thông tin, sinh viên sẽ được yêu cầu học các môn thuộc **Nhóm môn học định hướng Hệ thống nhúng và IoT**.

**Bảng tổng hợp (dựa trên thông tin trong ngữ cảnh):**

| Nhóm môn học                               |
| ------------------------------------------ |
| Hệ thống nhúng và IoT                      |
| *Lưu ý:*  Ngữ cảnh hiện tại chưa cung cấp danh sách cụ thể các môn học thuộc nhóm này.  Thông tin này cần được tìm hiểu thêm từ các nguồn chính thức của chương trình Cử nhân Công nghệ Thông tin tại UIT."
"Q004","Nếu em muốn theo hướng Hệ thống nhúng/IoT thì yêu cầu học những môn gì và kế hoạch ra sao?","1","[2]","| **Nhóm môn học định hướng Hệ thống nhúng và IoT**        |           |                                                                                                                                         |             |             |     |     |                  |",""
"Q004","Nếu em muốn theo hướng Hệ thống nhúng/IoT thì yêu cầu học những môn gì và kế hoạch ra sao?","1","[3]","Chuẩn đầu ra (Learning Outcomes – LO) của CTĐT bao gồm những chuẩn đầu ra chung dưới đây, được tham chiếu với chuẩn đầu ra của ABET 2021-2022 và Bộ năng lực SV tốt nghiệp ĐHQG ban hành theo quyết định 1658/QĐ-ĐHQG năm 2020 (GAC).
Sinh viên tốt nghiệp chương trình đào tạo Cử nhân tiên tiến ngành Hệ thống thông tin đáp ứng các yêu cầu về chuẩn đầu ra (CĐR) sau:",""
"Q004","Nếu em muốn theo hướng Hệ thống nhúng/IoT thì yêu cầu học những môn gì và kế hoạch ra sao?","1","[4]","Chương trình Cử nhân Công nghệ Thông tin đào tạo những cử nhân ngành Công nghệ thông tin nắm vững các kiến thức cơ bản và chuyên môn sâu về công nghệ thông tin (CNTT); đáp ứng các yêu cầu về nghiên cứu phát triển và ứng dụng công nghệ thông tin của xã hội; có năng lực tham mưu, tư vấn và có khả năng tổ chức thực hiện nhiệm vụ với tư cách của một chuyên viên trong lĩnh vực CNTT. CTĐT định hướng đến việc giúp người học thay đổi mục tiêu nghề nghiệp, có khả năng vận dụng các kiến thức CNTT ứng dụng",""
"Q004","Nếu em muốn theo hướng Hệ thống nhúng/IoT thì yêu cầu học những môn gì và kế hoạch ra sao?","1","[5]","Chương trình Cử nhân Công nghệ Thông tin đào tạo những cử nhân ngành Công nghệ thông tin nắm vững các kiến thức cơ bản và chuyên môn sâu về công nghệ thông tin (CNTT); đáp ứng các yêu cầu về nghiên cứu phát triển và ứng dụng công nghệ thông tin của xã hội; có năng lực tham mưu, tư vấn và có khả năng tổ chức thực hiện nhiệm vụ với tư cách của một chuyên viên trong lĩnh vực CNTT. CTĐT định hướng đến việc giúp người học thay đổi mục tiêu nghề nghiệp, có khả năng vận dụng các kiến thức CNTT ứng dụng",""
"Q005","Ngành này có những định hướng chuyên ngành tự chọn nào?","1","[1]","Chương trình Cử nhân Công nghệ Thông tin đào tạo những cử nhân ngành Công nghệ thông tin nắm vững các kiến thức cơ bản và chuyên môn sâu về công nghệ thông tin (CNTT); đáp ứng các yêu cầu về nghiên cứu phát triển và ứng dụng công nghệ thông tin của xã hội; có năng lực tham mưu, tư vấn và có khả năng tổ chức thực hiện nhiệm vụ với tư cách của một chuyên viên trong lĩnh vực CNTT. CTĐT định hướng đến việc giúp người học hoàn thiện các kiến thức, kỹ năng đạt trình độ cử nhân từ cấp độ cao đẳng. Bên","Dựa trên ngữ cảnh được cung cấp, sinh viên Cử nhân Công nghệ Thông tin có thể lựa chọn các môn học chuyên ngành tự do để tích lũy tối đa 4 tín chỉ, trong đó có thể chọn các môn học thuộc danh mục 4.4.2.3. Sinh viên có thể chọn các môn học thuộc cả 01 hoặc 02 hướng, không nhất thiết cố định 01 hướng.

**Bảng tóm tắt:**

| Phương án chọn môn học | Số lượng tín chỉ tối đa |
|---|---|
| Môn học chuyên ngành tự do (4.4.2.3) | 4 tín chỉ |
| Lựa chọn 01 hướng | Không nhất thiết cố định |
| Lựa chọn 02 hướng | Không nhất thiết cố định |"
"Q005","Ngành này có những định hướng chuyên ngành tự chọn nào?","1","[2]","Chương trình Cử nhân Công nghệ Thông tin đào tạo những cử nhân ngành Công nghệ thông tin nắm vững các kiến thức cơ bản và chuyên môn sâu về công nghệ thông tin (CNTT); đáp ứng các yêu cầu về nghiên cứu phát triển và ứng dụng công nghệ thông tin của xã hội; có năng lực tham mưu, tư vấn và có khả năng tổ chức thực hiện nhiệm vụ với tư cách của một chuyên viên trong lĩnh vực CNTT. CTĐT định hướng đến việc giúp người học thay đổi mục tiêu nghề nghiệp, có khả năng vận dụng các kiến thức CNTT ứng dụng",""
"Q005","Ngành này có những định hướng chuyên ngành tự chọn nào?","1","[3]","Chương trình Cử nhân Công nghệ Thông tin đào tạo những cử nhân ngành Công nghệ thông tin nắm vững các kiến thức cơ bản và chuyên môn sâu về công nghệ thông tin (CNTT); đáp ứng các yêu cầu về nghiên cứu phát triển và ứng dụng công nghệ thông tin của xã hội; có năng lực tham mưu, tư vấn và có khả năng tổ chức thực hiện nhiệm vụ với tư cách của một chuyên viên trong lĩnh vực CNTT. CTĐT định hướng đến việc giúp người học thay đổi mục tiêu nghề nghiệp, có khả năng vận dụng các kiến thức CNTT ứng dụng",""
"Q005","Ngành này có những định hướng chuyên ngành tự chọn nào?","1","[4]","Chương trình Cử nhân Công nghệ Thông tin đào tạo những cử nhân ngành Công nghệ thông tin có phẩm chất chính trị tốt, có đạo đức nghề nghiệp, có ý thức trách nhiệm tổ chức, và có sức khỏe tốt; nắm vững các kiến thức cơ bản và chuyên môn sâu về công nghệ thông tin (CNTT); đáp ứng các yêu cầu về nghiên cứu phát triển và ứng dụng công nghệ thông tin của xã hội; có năng lực tham mưu, tư vấn và có khả năng tổ chức thực hiện nhiệm vụ với tư cách của một chuyên viên trong lĩnh vực CNTT. Bên cạnh đó,",""
"Q005","Ngành này có những định hướng chuyên ngành tự chọn nào?","1","[5]","**Bắt buộc** đối với sinh viên ngành Công nghệ thông tin (**Tối thiểu 12 tín chỉ**).
Sinh viên được chọn môn học chuyên ngành tự do sao cho **tổng số tín chỉ** **³\*\***1\***\*2.**Trong đó, sinh viên có thể chọn học các môn học thuộc danh mục 4.4.2.3 để **tích lũy không quá 4** **tín chỉ\*\***.\*\*Bao gồm 02 hướng có vai trò như nhau, trong đó có một số môn thuộc 01 hướng sẽ được gom cụm. (Sinh viên có thể chọn các môn học thuộc cả 02 hướng, không nhất thiết cố định 01 hướng).",""
"Q006","Môn 'Thực tập doanh nghiệp' (CE502) có bắt buộc không? Có thể đổi sang hình thức khác không?","1","[1]","\- Đối với môn học **Thực tập quốc tế**(Mã MH: INI01), sinh viên có thể tham gia các chương trình trao đổi sinh viên quốc tế, chương trình thực tập, dự án nghiên cứu ngắn hạn… do các trường đại học, đơn vị nghiên cứu, doanh nghiệp và chính phủ nước ngoài tổ chức tại các quốc gia khác. Sinh viên có thể sử dụng 02 tín chỉ tích lũy từ môn học INI01 để xét cho môn học tự chọn tự do hoặc môn học Thực tập doanh nghiệp (Mã MH: CE502) trong chương trình đào tạo.","**Câu trả lời:**

Dựa trên ngữ cảnh cung cấp:

*   **Môn Thực tập doanh nghiệp (CE502) có thể đổi sang hình thức khác:** Sinh viên nên ưu tiên chọn thực tập tại các đơn vị đối tác của Khoa KTMT và Trường ĐH CNTT (xem Phụ lục 2 tại [https://fce.uit.edu.vn/](https://fce.uit.edu.vn/)) nhưng vẫn được phép chọn các doanh nghiệp… Ngoài ra, môn này có thể thay thế bằng Đồ án tốt nghiệp tại doanh nghiệp hoặc nhóm môn học thay thế."
"Q006","Môn 'Thực tập doanh nghiệp' (CE502) có bắt buộc không? Có thể đổi sang hình thức khác không?","1","[2]","\- Đối với môn **Thực tập doanh nghiệp** (Mã MH: CE502), sinh viên nên ưu tiên chọn thực tập tại các đơn vị đối tác của Khoa KTMT và Trường ĐH CNTT trong **Phụ lục 2** .Danh sách các đơn vị đối tác sẽ được cập nhật tùy từng thời điểm tại website Khoa KTMT: [https://fce.uit.edu.vn/](https://fce.uit.edu.vn/). Tuy nhiên, sinh viên vẫn được phép chọn các doanh nghiệp, cơ sở đào tạo, viện nghiên cứu, phòng thí nghiệm… nằm ngoài danh sách này có hoạt động ngành nghề và nội dung tuyển dụng thực tập",""
"Q006","Môn 'Thực tập doanh nghiệp' (CE502) có bắt buộc không? Có thể đổi sang hình thức khác không?","1","[3]","**Bắt buộc** đối với sinh viên ngành Công nghệ thông tin (**Tối thiểu 12 tín chỉ**).
Sinh viên được chọn môn học chuyên ngành tự do sao cho **tổng số tín chỉ** **³\*\***1\***\*2.**Trong đó, sinh viên có thể chọn học các môn học thuộc danh mục 4.4.2.3 để **tích lũy không quá 4** **tín chỉ\*\***.\*\*Bao gồm 02 hướng có vai trò như nhau, trong đó có một số môn thuộc 01 hướng sẽ được gom cụm. (Sinh viên có thể chọn các môn học thuộc cả 02 hướng, không nhất thiết cố định 01 hướng).",""
"Q006","Môn 'Thực tập doanh nghiệp' (CE502) có bắt buộc không? Có thể đổi sang hình thức khác không?","1","[4]","\- Đối với các môn học **Tự chọn tự do,** sinh viên có thể chọn các môn học thuộc khối kiến thức giáo dục chuyên nghiệp trong các chương trình đào tạo đại học hoặc sau đại học của Trường ĐH CNTT hoặc của các trường đại học thành viên khác trong khối ĐHQG –HCM, hoặc của các trường đại học khác ngoài ĐHQG –HCM mà có ký kết hợp tác với Trường ĐH CNTT, hoặc các chương trình đào tạo kiến thức công nghệ từ doanh nghiệp có hợp tác đào tạo thực tập, kiến tập và hướng dẫn Khóa luận tốt nghiệp với Khoa",""
"Q006","Môn 'Thực tập doanh nghiệp' (CE502) có bắt buộc không? Có thể đổi sang hình thức khác không?","1","[5]","| **8**                        | CE505                          | Khóa luận tốt nghiệp (có thể thay thế bằng Đồ án tốt nghiệp tại doanh nghiệp hoặc nhóm môn học thay thế) |               | bắt buộc      | 10          | 0   | 10  |              |             |",""
"Q007","Nếu em muốn theo hướng Hệ thống nhúng/IoT hoặc hướng Robotics & AI thì nên chọn những môn tự chọn nào, và mỗi hướng yêu cầu kỹ năng, nền tảng khác nhau ra sao?","1","[1]","\- Các môn học **Chuyên đề tốt nghiệp định hướng hệ thống nhúng và IoT** (Mã MH: CE510) và **Chuyên đề tốt nghiệp định hướng Robotic và AI** (Mã MH: CE511) là các môn học bổ sung kiến thức và kỹ năng tốt nghiệp cần thiết cho sinh viên thực hiện Đồ án tốt nghiệp theo các định hướng. Sinh viên có thể tham gia các môn học khác thuộc nhóm tự chọn chuyên ngành (xem Bảng 8), các môn học thuộc khối kiến thức chuyên ngành của các CTĐT ngành KTMT ban hành trước năm 2024 hoặc các môn học mới (được ban","Dựa trên các tài liệu được cung cấp, đây là thông tin về các môn tự chọn cho hướng Hệ thống nhúng/IoT và hướng Robotics & AI, cùng với các nền tảng và kỹ năng khác nhau mà mỗi hướng yêu cầu:

**1. Hướng Hệ thống nhúng/IoT:**

*   **Các môn học được mở:** Môn học chuyên ngành được mở theo từng học kỳ có nội dung được cập nhật phù hợp với xu thế công nghệ và nhu cầu lao động.
*   **Yêu cầu kỹ năng/nền tảng:** Hướng này tập trung vào việc trang bị kiến thức và kỹ năng thiết kế, xây dựng và lập trình cho các hệ thống nhúng và IoT.
*   **Ví dụ môn học:** (Dựa trên các tài liệu, không có danh sách cụ thể các môn học tự chọn. Nhưng các môn như CE437, CE438, CE441, CE442 đều thuộc hướng này)

**2. Hướng Robotics & AI:**

*   **Các môn học được mở:** Tương tự như hướng Hệ thống nhúng/IoT, các môn học chuyên ngành được mở theo từng học kỳ, cập nhật xu hướng công nghệ.
*   **Yêu cầu kỹ năng/nền tảng:**  Hướng này tập trung vào việc trang bị kiến thức và kỹ năng liên quan đến thiết kế, lập trình và điều khiển robot, cũng như các ứng dụng của trí tuệ nhân tạo.
*   **Ví dụ môn học:** (Dựa trên các tài liệu, không có danh sách cụ thể các môn học tự chọn. Nhưng các môn như CE441, CE442 đều thuộc hướng này)

**Lưu ý chung:**

*   Sinh viên có thể lựa chọn các môn học thuộc cả 02 hướng mà không nhất thiết phải cố định một hướng.
*   Sinh viên phải chọn tối thiểu 8 tín chỉ học bằng tiếng Nhật trong các môn chuyên ngành.

**Bảng tóm tắt:**

| Đặc điểm        | Hệ thống nhúng/IoT | Robotics & AI    |
| ---------------- | ------------------- | ----------------- |
| **Nền tảng**     | Thiết kế, lập trình hệ thống nhúng | Thiết kế, lập trình robot, AI |
| **Mục tiêu**       | Xây dựng, điều khiển hệ thống nhúng | Thiết kế, điều khiển robot, ứng dụng AI |
| **Ví dụ môn học** | CE437, CE438, CE441, CE442 | CE441, CE442     |

**Xin lưu ý:** Đây là thông tin được trích xuất từ các tài liệu được cung cấp. Để có thông tin đầy đủ và chính xác nhất, bạn nên tham khảo thêm các nguồn tài liệu chính thức khác của trường."
"Q007","Nếu em muốn theo hướng Hệ thống nhúng/IoT hoặc hướng Robotics & AI thì nên chọn những môn tự chọn nào, và mỗi hướng yêu cầu kỹ năng, nền tảng khác nhau ra sao?","1","[2]","| **Nhóm môn học định hướng Hệ thống nhúng và IoT**        |           |                                                                                                                                         |             |             |     |     |                  |",""
"Q007","Nếu em muốn theo hướng Hệ thống nhúng/IoT hoặc hướng Robotics & AI thì nên chọn những môn tự chọn nào, và mỗi hướng yêu cầu kỹ năng, nền tảng khác nhau ra sao?","1","[3]","\- Các môn học **Chuyên đề thiết kế hệ thống nhúng 1** (Mã MH: CE437), **Chuyên đề thiết kế hệ thống nhúng 2** (Mã MH: CE438), **Chuyên đề thiết kế Robotics và AI 1** (Mã MH: CE441), **Chuyên đề thiết kế Robotics và AI 2** (Mã MH: CE442) là các môn học được mở theo từng học kỳ, có nội dung được cập nhật phù hợp với xu thế phát triển công, nhu cầu lao động của xã hội hoặc trang bị thêm kiến thức cần thiết cho sinh viên theo từng định hướng. Sinh viên có thể tham gia các môn học thuộc nhóm tự",""
"Q007","Nếu em muốn theo hướng Hệ thống nhúng/IoT hoặc hướng Robotics & AI thì nên chọn những môn tự chọn nào, và mỗi hướng yêu cầu kỹ năng, nền tảng khác nhau ra sao?","1","[4]","Các môn học chuyên ngành bao gồm 02 hướng có vai trò như nhau, trong đó có một số môn thuộc 01 hướng sẽ được gom cụm. (Sinh viên có thể chọn các môn học thuộc cả 02 hướng, không nhất thiết cố định 01 hướng).
**Lưu ý** **:**
\- **S\*\***inh viên\***\*phải chọn tối thiểu 8\*\***tín chỉ\*\* **học bằng tiếng Nhật** trong các môn chuyên ngành.
\- **Ký hiệu \*\* trong nhóm các môn học chuyên ngành và tự chọn:** Có khả năng giảng dạy bằng tiếng Nhật.",""
"Q007","Nếu em muốn theo hướng Hệ thống nhúng/IoT hoặc hướng Robotics & AI thì nên chọn những môn tự chọn nào, và mỗi hướng yêu cầu kỹ năng, nền tảng khác nhau ra sao?","1","[5]","**Bắt buộc** đối với sinh viên ngành Công nghệ thông tin (**Tối thiểu 12 tín chỉ**).
Sinh viên được chọn môn học chuyên ngành tự do sao cho **tổng số tín chỉ** **³\*\***1\***\*2.**Trong đó, sinh viên có thể chọn học các môn học thuộc danh mục 4.4.2.3 để **tích lũy không quá 4** **tín chỉ\*\***.\*\*Bao gồm 02 hướng có vai trò như nhau, trong đó có một số môn thuộc 01 hướng sẽ được gom cụm. (Sinh viên có thể chọn các môn học thuộc cả 02 hướng, không nhất thiết cố định 01 hướng).",""
"Q008","Chương trình có những phương thức tốt nghiệp nào? Thời lượng/ tín chỉ và điều kiện tham gia mỗi phương thức ra sao?","1","[1]","Chương trình Cử nhân Công nghệ Thông tin đào tạo những cử nhân ngành Công nghệ thông tin có phẩm chất chính trị tốt, có đạo đức nghề nghiệp, có ý thức trách nhiệm tổ chức, và có sức khỏe tốt; nắm vững các kiến thức cơ bản và chuyên môn sâu về công nghệ thông tin (CNTT); đáp ứng các yêu cầu về nghiên cứu phát triển và ứng dụng công nghệ thông tin của xã hội; có năng lực tham mưu, tư vấn và có khả năng tổ chức thực hiện nhiệm vụ với tư cách của một chuyên viên trong lĩnh vực CNTT. Bên cạnh đó,","Thông tin này không có trong ngữ cảnh được cung cấp."
"Q008","Chương trình có những phương thức tốt nghiệp nào? Thời lượng/ tín chỉ và điều kiện tham gia mỗi phương thức ra sao?","1","[2]","Sinh viên tốt nghiệp Chương trình đào tạo Cử nhân chính quy ngành Công nghệ Thông tin Việt – Nhật có khả năng làm việc ở những phạm vi và lĩnh vực khác nhau như:",""
"Q008","Chương trình có những phương thức tốt nghiệp nào? Thời lượng/ tín chỉ và điều kiện tham gia mỗi phương thức ra sao?","1","[3]","\- Chương trình đào tạo ngành Trí tuệ nhân tạo được xây dựng dựa trên tầm nhìn, sứ mạng và triết lý giáo dục của Trường Đại học Công nghệ thông tin – Đại học Quốc gia TP.HCM, phù hợp với nhu cầu của xã hội và có sự tham khảo các chương trình đào tạo tiên tiến trong và ngoài nước.
\- Chương trình đào tạo ngành Trí tuệ nhân tạo được xây dựng theo học chế tín chỉ, cung cấp kiến thức, phát triển kĩ năng, phương pháp tư duy và phong cách làm việc hiện đại, hiệu quả.",""
"Q008","Chương trình có những phương thức tốt nghiệp nào? Thời lượng/ tín chỉ và điều kiện tham gia mỗi phương thức ra sao?","1","[4]","Chương trình Cử nhân Công nghệ Thông tin đào tạo những cử nhân ngành Công nghệ thông tin nắm vững các kiến thức cơ bản và chuyên môn sâu về công nghệ thông tin (CNTT); đáp ứng các yêu cầu về nghiên cứu phát triển và ứng dụng công nghệ thông tin của xã hội; có năng lực tham mưu, tư vấn và có khả năng tổ chức thực hiện nhiệm vụ với tư cách của một chuyên viên trong lĩnh vực CNTT. CTĐT định hướng đến việc giúp người học hoàn thiện các kiến thức, kỹ năng đạt trình độ cử nhân từ cấp độ cao đẳng. Bên",""
"Q008","Chương trình có những phương thức tốt nghiệp nào? Thời lượng/ tín chỉ và điều kiện tham gia mỗi phương thức ra sao?","1","[5]","Chương trình Công nghệ Thông tin Việt – Nhật đào tạo những cử nhân có phẩm chất chính trị tốt, có đạo đức nghề nghiệp, có ý thức trách nhiệm tổ chức, và có sức khỏe tốt; nắm vững các kiến thức cơ bản và chuyên môn sâu về công nghệ thông tin; đáp ứng các yêu cầu về nghiên cứu phát triển và ứng dụng công nghệ thông tin của xã hội; có năng lực tham mưu, tư vấn và có khả năng tổ chức thực hiện nhiệm vụ với tư cách của một chuyên viên trong lĩnh vực CNTT. Bên cạnh đó, trên cơ sở các kiến thức được",""
"Q009","Nếu một sinh viên muốn thay Khóa luận (CE505) bằng Đồ án tốt nghiệp tại doanh nghiệp (CE507): (a) họ cần tích lũy bao nhiêu tín chỉ thay thế, (b) thời gian thực hiện tối thiểu là bao lâu, (c) cần có những điều kiện/giấy tờ gì để đăng ký, và (d) mô tả checklist hướng dẫn từ việc tìm doanh nghiệp đến nộp báo cáo tốt nghiệp.","1","[1]","\- Môn học**Đồ án** **tốt nghiệp tại doanh nghiệp** (Mã MH: CE507) được xét tương đương là phương thức hai để thay thế môn học Khóa luận tốt nghiệp (Mã MH: CE505) (theo Quyết định số 697/QĐ-ĐHCNTT ngày 12/7/2024 về môn học Đồ án tốt nghiệp tại doanh nghiệp). Khi đăng ký nơi thực hiện cho môn học này, sinh viên cần chọn các công ty có ký kết hợp tác chính thức với Khoa KTMT hoặc Trường ĐH CNTT và cần tham vấn ý kiến trực tiếp từ cố vấn học tập hoặc giáo vụ khoa. Sinh viên có thể tham khảo danh","Dựa trên ngữ cảnh được cung cấp, đây là câu trả lời cho câu hỏi của bạn:

**Trả lời:**

(a) Để thay thế môn Khóa luận tốt nghiệp (CE505) bằng Đồ án tốt nghiệp tại doanh nghiệp (CE507), sinh viên cần tích lũy **10 tín chỉ** thay thế.

(b) Thời gian thực hiện tối thiểu của môn Đồ án tốt nghiệp tại doanh nghiệp là **4-6 tháng**, khuyến khích 6 tháng.

(c) Điều kiện và giấy tờ cần thiết để đăng ký bao gồm:

*   Sinh viên cần chọn các công ty có ký kết hợp tác chính thức với Khoa KTMT hoặc Trường ĐH CNTT.
*   Cần tham vấn ý kiến trực tiếp từ cố vấn học tập hoặc giáo vụ khoa.
*   Cần có kế hoạch đăng ký môn Thực tập doanh nghiệp và Đồ án tốt nghiệp tại doanh nghiệp trong cùng một học kỳ hoặc hai học kỳ liên tiếp.

(d) Checklist hướng dẫn từ việc tìm doanh nghiệp đến nộp báo cáo tốt nghiệp:

1.  **Tìm kiếm và lựa chọn đối tác:** Tham khảo danh sách các đối tác của Khoa KTMT và Trường ĐH CNTT (Phụ lục 2).
2.  **Tham vấn cố vấn:** Thảo luận về ý tưởng đồ án với cố vấn học tập hoặc giáo vụ khoa.
3.  **Đăng ký môn học:** Đăng ký môn Đồ án tốt nghiệp tại khoa.
4.  **Thực hiện tại doanh nghiệp:** Thực hiện đồ án tại doanh nghiệp trong khoảng thời gian 4-6 tháng.
5.  **Nộp báo cáo:** Chuẩn bị và nộp báo cáo tốt nghiệp theo hướng dẫn của khoa.

**Lưu ý:** Thông tin này được trích xuất từ các document được cung cấp."
"Q009","Nếu một sinh viên muốn thay Khóa luận (CE505) bằng Đồ án tốt nghiệp tại doanh nghiệp (CE507): (a) họ cần tích lũy bao nhiêu tín chỉ thay thế, (b) thời gian thực hiện tối thiểu là bao lâu, (c) cần có những điều kiện/giấy tờ gì để đăng ký, và (d) mô tả checklist hướng dẫn từ việc tìm doanh nghiệp đến nộp báo cáo tốt nghiệp.","1","[2]","\- Trong trường hợp sinh viên đủ điều kiện làm Khóa luận tốt nghiệp nhưng không muốn làm, hoặc sinh viên không đủ điều kiện làm Khóa luận tốt nghiệp thì sinh viên có thể đăng ký môn học hoặc nhóm môn học thay thế cho Khóa luận tốt nghiệp trong **_Bảng 10_** để tích lũy 10 tín chỉ.
**_Bảng 10: Danh sách nhóm môn học thay thế Khóa luận tốt nghiệp_**",""
"Q009","Nếu một sinh viên muốn thay Khóa luận (CE505) bằng Đồ án tốt nghiệp tại doanh nghiệp (CE507): (a) họ cần tích lũy bao nhiêu tín chỉ thay thế, (b) thời gian thực hiện tối thiểu là bao lâu, (c) cần có những điều kiện/giấy tờ gì để đăng ký, và (d) mô tả checklist hướng dẫn từ việc tìm doanh nghiệp đến nộp báo cáo tốt nghiệp.","1","[3]","giáo vụ khoa. Sinh viên có thể tham khảo danh sách các đối tác của Khoa KTMT và Trường ĐH CNTT trong **Phụ lục 2** . Thời gian thực hiện môn học này tại doanh nghiệp là từ 4-6 tháng (khuyến khích 6 tháng) để đảm bảo số giờ tối thiểu theo quy định. Sinh viên nên có kế hoạch đăng ký môn Thực tập doanh nghiệp và Đồ án tốt nghiệp tại doanh nghiệp trong cùng một học kỳ hoặc hai học kỳ liên tiếp để thuận tiện cho việc thực hiện.",""
"Q009","Nếu một sinh viên muốn thay Khóa luận (CE505) bằng Đồ án tốt nghiệp tại doanh nghiệp (CE507): (a) họ cần tích lũy bao nhiêu tín chỉ thay thế, (b) thời gian thực hiện tối thiểu là bao lâu, (c) cần có những điều kiện/giấy tờ gì để đăng ký, và (d) mô tả checklist hướng dẫn từ việc tìm doanh nghiệp đến nộp báo cáo tốt nghiệp.","1","[4]","● Sinh viên tích lũy tối thiểu 10 tín chỉ cho khối kiến thức tốt nghiệp.
● Sinh viên được chọn:
○ Hoặc, thực hiện Khóa luận tốt nghiệp (KLTN) 10 tín chỉ nếu sinh viên đủ điều kiện làm khóa luận tốt nghiệp theo qui chế của trường.
○ Hoặc, thực hiện Đồ án tốt nghiệp tại doanh nghiệp 10 tín chỉ.
○ Hoặc, thực hiện Đồ án tốt nghiệp 6 tín chỉ và học một trong các môn chuyên đề tốt nghiệp (4 tín chỉ) để đạt tối thiểu 10 tín chỉ.",""
"Q009","Nếu một sinh viên muốn thay Khóa luận (CE505) bằng Đồ án tốt nghiệp tại doanh nghiệp (CE507): (a) họ cần tích lũy bao nhiêu tín chỉ thay thế, (b) thời gian thực hiện tối thiểu là bao lâu, (c) cần có những điều kiện/giấy tờ gì để đăng ký, và (d) mô tả checklist hướng dẫn từ việc tìm doanh nghiệp đến nộp báo cáo tốt nghiệp.","1","[5]","\- Môn học **Đồ án tốt nghiệp** (Mã MH: CE508) được xem như phương thức ba của môn học Khóa luận tốt nghiệp (Mã MH: CE505). Sinh viên phải học môn Đồ án tốt nghiệp kết hợp với tối thiểu một môn chuyên đề tốt nghiệp (Mã MH: CE510 hoặc CE511) để tích lũy đủ tối thiểu 10 tín chỉ thay thế cho Khóa luận tốt nghiệp. Ngoài ra, môn học Đồ án tốt nghiệp được xét tương đương (hay thay thế) cho hai môn học gồm tự chọn chuyên ngành và đồ án chuyên ngành (tổng cộng 06 tín chỉ) trong nhóm môn học chuyên đề",""
"Q010","Ngành Kỹ thuật máy tính chương trình đại trà học tiếng Anh bao nhiêu tín chỉ?","1","[1]","Chương trình đào tạo Cử nhân chính quy ngành Khoa học máy tính được áp dụng theo quy chế, quy định đào tạo đại học hiện hành của Trường Đại học Công nghệ Thông tin.","Thông tin này không có trong ngữ cảnh được cung cấp."
"Q010","Ngành Kỹ thuật máy tính chương trình đại trà học tiếng Anh bao nhiêu tín chỉ?","1","[2]","Sinh viên tốt nghiệp chương trình này phải hoàn thành các môn học tiếng Nhật trong chương trình đào tạo và có chứng chỉ tiếng Nhật theo quy định đào tạo ngoại ngữ hiện hành của Trường Đại học Công nghệ Thông tin.
# 3\. CHƯƠNG TRÌNH ĐÀO TẠO",""
"Q010","Ngành Kỹ thuật máy tính chương trình đại trà học tiếng Anh bao nhiêu tín chỉ?","1","[3]","\- Tên ngành đào tạo:
o Tiếng Việt: Trí tuệ nhân tạo
o Tiếng Anh: Artificial Intelligence
\- Mã ngành đào tạo: 7480107
\- Trình độ đào tạo: Đại học.
\- Loại hình đào tạo: Chính quy tập trung.
\- Thời gian đào tạo: 3.5 năm (gồm 7 học kỳ chính thức).
\- Số tín chỉ đào tạo: Tối thiểu **128** tín chỉ (bao gồm cả ngoại ngữ)
\- Tên văn bằng sau khi tốt nghiệp:
o Tiếng Việt: Cử nhân Trí tuệ nhân tạo
o Tiếng Anh: Bachelor of Science in Artificial Intelligence",""
"Q010","Ngành Kỹ thuật máy tính chương trình đại trà học tiếng Anh bao nhiêu tín chỉ?","1","[4]","**Lưu ý**: Số tín chỉ của các học phần tiếng Nhật 1, 2, 3 và 4 được tính vào số tín chỉ của chương trình đào tạo (20 TC) và các học phần tiếng Nhật 5, 6, 7 và 8 không tính vào số tín chỉ của chương trình đào tạo.
Danh sách các học phần tiếng Nhật dự kiến giảng dạy trong chương trình đào tạo như sau:
| **STT**             | **Mã môn học** | **Tên môn học**                                           | **TC** | **LT** | **TH** |",""
"Q010","Ngành Kỹ thuật máy tính chương trình đại trà học tiếng Anh bao nhiêu tín chỉ?","1","[5]","\- Chương trình đào tạo được thiết kế tinh gọn, nội dung phù hợp, linh động, tạo sự chủ động cho người học và đảm bảo sự thuận lợi cho quá trình vận hành chương trình đào tạo giữa các khóa tuyển sinh.
\- Chương trình đào tạo mang tính liên ngành và tính ứng dụng cao, phù hợp với nhu cầu nhân lực công nghệ thông tin của xã hội, tiếp cận với trình độ của các trường đại học trong và ngoài nước trong lĩnh vực KTMT.",""
